﻿"Participant ID","Device","action","Modality","timestamp"
"1","Tablet","delete","touch","11:27:51 AM"
"1","Tablet","demote","touch","11:27:53 AM"
"1","Tablet","delete","touch","11:27:57 AM"
"1","Tablet","promote","touch","11:28:01 AM"
"1","Tablet","insert","touch","11:28:09 AM"
"1","Tablet","promote","touch","11:28:18 AM"
"1","Tablet","merge","touch","11:28:32 AM"
"1","Tablet","promote","touch","11:29:38 AM"
"1","Tablet","demote","touch","11:29:40 AM"
"1","Tablet","promote","touch","11:29:49 AM"
"1","Tablet","insert","touch","11:29:56 AM"
"1","Tablet","promote","touch","11:30:02 AM"
"1","Tablet","merge","touch","11:30:05 AM"
"1","Tablet","merge","touch","11:30:10 AM"
"1","Tablet","merge","touch","11:30:16 AM"
"1","Tablet","redo","","11:30:21 AM"
"1","Tablet","redo","","11:30:23 AM"
"1","Tablet","merge","touch","11:30:27 AM"
"1","Tablet","redo","","11:30:29 AM"
"1","Tablet","split","touch","11:30:38 AM"
"1","Phone","demote","touch","11:32:28 AM"
"1","Phone","split","touch","11:32:43 AM"
"1","Phone","redo","","11:32:45 AM"
"1","Phone","redo","","11:32:47 AM"
"1","Phone","redo","","11:32:48 AM"
"1","Phone","redo","","11:32:49 AM"
"1","Phone","redo","","11:32:50 AM"
"1","Phone","redo","","11:32:52 AM"
"1","Phone","redo","","11:32:55 AM"
"1","Phone","redo","","11:32:55 AM"
"1","Phone","split","touch","11:33:03 AM"
"1","Phone","split","touch","11:33:03 AM"
"1","Phone","merge","touch","11:33:13 AM"
"1","Phone","merge","toolbar","11:33:27 AM"
"1","Phone","merge","toolbar","11:33:31 AM"
"1","Phone","redo","","11:33:44 AM"
"1","Phone","redo","","11:33:45 AM"
"1","Phone","redo","","11:33:49 AM"
"1","Phone","redo","","11:33:50 AM"
"1","Phone","redo","","11:33:52 AM"
"1","Phone","redo","","11:33:53 AM"
"1","Phone","redo","","11:33:53 AM"
"1","Phone","redo","","11:33:54 AM"
"1","Phone","redo","","11:33:55 AM"
"1","Phone","redo","","11:33:56 AM"
"1","Phone","redo","","11:33:57 AM"
"1","Phone","redo","","11:33:58 AM"
"1","Phone","merge","toolbar","11:34:20 AM"
"1","Phone","insert","touch","11:34:23 AM"
"1","Phone","redo","","11:34:25 AM"
"1","Phone","merge","toolbar","11:34:28 AM"
"1","Phone","insert","touch","11:34:38 AM"
"1","Phone","promote","touch","11:35:00 AM"
"1","Phone","merge","toolbar","11:35:05 AM"
"1","Phone","promote","toolbar","11:35:09 AM"
"1","Phone","promote","toolbar","11:35:21 AM"
"1","Phone","split","touch","11:40:10 AM"
"1","Phone","split","toolbar","11:40:18 AM"
"1","Phone","split","toolbar","11:40:22 AM"
"1","Phone","insert","toolbar","11:40:36 AM"
"1","Phone","insert","toolbar","11:40:42 AM"
"1","Phone","insert","toolbar","11:40:54 AM"
"1","Phone","insert","touch","11:41:11 AM"
"1","Phone","redo","","11:41:13 AM"
"1","Phone","redo","","11:41:14 AM"
"1","Phone","promote","touch","11:41:31 AM"
"1","Phone","promote","touch","11:41:33 AM"
"1","Phone","delete","toolbar","11:41:44 AM"
"1","Phone","insert","toolbar","11:41:54 AM"
"1","Phone","insert","toolbar","11:42:15 AM"
"1","Phone","insert","toolbar","11:42:21 AM"
"1","Phone","redo","","11:42:22 AM"
"1","Phone","merge","toolbar","11:42:36 AM"
"1","Phone","promote","toolbar","11:42:45 AM"
"1","Phone","merge","toolbar","11:42:55 AM"
"1","Phone","insert","toolbar","11:43:05 AM"
"1","Phone","redo","","11:43:16 AM"
"1","Phone","insert","toolbar","11:43:34 AM"
"1","Phone","insert","toolbar","11:43:42 AM"
"1","Phone","merge","toolbar","11:43:57 AM"
"1","Phone","insert","toolbar","11:44:13 AM"
"1","Phone","merge","toolbar","11:44:23 AM"
"1","Phone","merge","toolbar","11:44:27 AM"
"1","Phone","promote","touch","11:44:39 AM"
"2","Tablet","delete","touch","1:32:38 PM"
"2","Tablet","demote","touch","1:32:43 PM"
"2","Tablet","delete","touch","1:32:44 PM"
"2","Tablet","promote","touch","1:32:54 PM"
"2","Tablet","merge","touch","1:33:09 PM"
"2","Tablet","promote","touch","1:33:23 PM"
"2","Tablet","promote","touch","1:33:26 PM"
"2","Tablet","promote","touch","1:33:28 PM"
"2","Tablet","demote","touch","1:36:43 PM"
"2","Tablet","merge","touch","1:37:03 PM"
"2","Tablet","insert","touch","1:37:12 PM"
"2","Tablet","merge","touch","1:37:18 PM"
"2","Tablet","promote","touch","1:37:29 PM"
"2","Tablet","promote","touch","1:37:45 PM"
"2","Tablet","split","touch","1:38:09 PM"
"2","Phone","demote","touch","1:39:15 PM"
"2","Phone","merge","touch","1:40:02 PM"
"2","Phone","merge","touch","1:40:25 PM"
"2","Phone","promote","touch","1:40:34 PM"
"2","Phone","promote","touch","1:40:49 PM"
"2","Phone","split","touch","1:45:48 PM"
"2","Phone","split","touch","1:45:55 PM"
"2","Phone","merge","touch","1:46:04 PM"
"2","Phone","delete","touch","1:46:17 PM"
"2","Phone","merge","touch","1:46:19 PM"
"2","Phone","merge","touch","1:46:21 PM"
"2","Phone","merge","touch","1:46:23 PM"
"2","Phone","merge","touch","1:46:26 PM"
"2","Phone","merge","touch","1:46:28 PM"
"2","Phone","merge","touch","1:46:32 PM"
"2","Phone","merge","touch","1:46:50 PM"
"2","Phone","redo","","1:46:57 PM"
"2","Phone","redo","","1:46:59 PM"
"2","Phone","merge","touch","1:47:05 PM"
"2","Phone","merge","touch","1:47:19 PM"
"2","Phone","merge","touch","1:47:28 PM"
"2","Phone","promote","touch","1:47:39 PM"
"2","Phone","promote","touch","1:47:48 PM"
"3","Tablet","delete","toolbar","2:55:38 PM"
"3","Tablet","delete","toolbar","2:55:43 PM"
"3","Tablet","promote","toolbar","2:55:52 PM"
"3","Tablet","insert","toolbar","2:56:03 PM"
"3","Tablet","promote","toolbar","2:56:32 PM"
"3","Tablet","demote","toolbar","2:57:01 PM"
"3","Tablet","insert","toolbar","2:57:17 PM"
"3","Tablet","merge","toolbar","2:57:23 PM"
"3","Tablet","merge","toolbar","2:57:31 PM"
"3","Tablet","split","toolbar","2:57:49 PM"
"3","Tablet","promote","toolbar","2:57:57 PM"
"3","Tablet","promote","toolbar","2:58:02 PM"
"3","Phone","insert","touch","2:58:55 PM"
"3","Phone","redo","","2:59:01 PM"
"3","Phone","redo","","2:59:03 PM"
"3","Phone","split","touch","2:59:08 PM"
"3","Phone","delete","toolbar","2:59:16 PM"
"3","Phone","demote","toolbar","2:59:24 PM"
"3","Phone","merge","touch","2:59:25 PM"
"3","Phone","merge","touch","2:59:26 PM"
"3","Phone","promote","toolbar","3:00:02 PM"
"3","Phone","merge","toolbar","3:00:10 PM"
"3","Phone","promote","toolbar","3:00:22 PM"
"3","Phone","split","toolbar","3:05:17 PM"
"3","Phone","merge","toolbar","3:05:29 PM"
"3","Phone","split","toolbar","3:05:41 PM"
"3","Phone","delete","toolbar","3:05:48 PM"
"3","Phone","merge","toolbar","3:06:00 PM"
"3","Phone","insert","toolbar","3:06:14 PM"
"3","Phone","merge","toolbar","3:06:37 PM"
"3","Phone","merge","toolbar","3:06:43 PM"
"3","Phone","merge","toolbar","3:06:51 PM"
"3","Phone","merge","toolbar","3:06:56 PM"
"3","Phone","merge","toolbar","3:06:58 PM"
"3","Phone","merge","toolbar","3:07:00 PM"
"3","Phone","merge","toolbar","3:07:03 PM"
"3","Phone","merge","toolbar","3:07:12 PM"
"3","Phone","promote","toolbar","3:07:19 PM"
"3","Phone","promote","toolbar","3:07:29 PM"
"4","Tablet","promote","toolbar","9:14:18 AM"
"4","Tablet","promote","toolbar","9:14:27 AM"
"4","Tablet","promote","toolbar","9:14:38 AM"
"4","Tablet","delete","toolbar","9:15:33 AM"
"4","Tablet","insert","toolbar","9:16:38 AM"
"4","Tablet","merge","toolbar","9:16:44 AM"
"4","Tablet","merge","toolbar","9:16:48 AM"
"4","Tablet","demote","toolbar","9:16:59 AM"
"4","Tablet","promote","toolbar","9:17:46 AM"
"4","Tablet","insert","touch","9:18:22 AM"
"4","Tablet","redo","","9:18:24 AM"
"4","Tablet","split","toolbar","9:18:28 AM"
"4","Phone","split","touch","9:19:33 AM"
"4","Phone","merge","touch","9:19:33 AM"
"4","Phone","split","touch","9:19:51 AM"
"4","Phone","demote","toolbar","9:20:14 AM"
"4","Phone","merge","touch","9:20:25 AM"
"4","Phone","promote","toolbar","9:20:31 AM"
"4","Phone","split","touch","9:20:54 AM"
"4","Phone","redo","","9:20:56 AM"
"4","Phone","promote","toolbar","9:21:03 AM"
"4","Phone","split","toolbar","9:22:52 AM"
"4","Phone","insert","toolbar","9:22:59 AM"
"4","Phone","insert","toolbar","9:23:03 AM"
"4","Phone","insert","toolbar","9:23:06 AM"
"4","Phone","merge","toolbar","9:23:17 AM"
"4","Phone","split","toolbar","9:23:20 AM"
"4","Phone","delete","toolbar","9:23:30 AM"
"4","Phone","insert","toolbar","9:23:58 AM"
"4","Phone","redo","","9:24:01 AM"
"4","Phone","insert","toolbar","9:24:22 AM"
"4","Phone","merge","toolbar","9:24:31 AM"
"4","Phone","insert","toolbar","9:24:35 AM"
"4","Phone","merge","toolbar","9:24:39 AM"
"4","Phone","insert","touch","9:24:58 AM"
"4","Phone","redo","","9:25:00 AM"
"4","Phone","redo","","9:25:03 AM"
"4","Phone","redo","","9:25:04 AM"
"4","Phone","redo","","9:25:04 AM"
"4","Phone","delete","toolbar","9:25:05 AM"
"4","Phone","redo","","9:25:07 AM"
"4","Phone","redo","","9:25:11 AM"
"4","Phone","redo","","9:25:13 AM"
"4","Phone","redo","","9:25:14 AM"
"4","Phone","redo","","9:25:15 AM"
"4","Phone","redo","","9:25:17 AM"
"4","Phone","redo","","9:25:18 AM"
"4","Phone","redo","","9:25:19 AM"
"4","Phone","merge","toolbar","9:25:28 AM"
"4","Phone","merge","toolbar","9:25:32 AM"
"4","Phone","insert","toolbar","9:25:59 AM"
"4","Phone","redo","","9:26:01 AM"
"4","Phone","insert","toolbar","9:26:05 AM"
"4","Phone","redo","","9:26:07 AM"
"4","Phone","merge","toolbar","9:26:26 AM"
"4","Phone","promote","toolbar","9:26:33 AM"
"4","Phone","insert","toolbar","9:26:49 AM"
"4","Phone","redo","","9:26:54 AM"
"4","Phone","insert","touch","9:27:18 AM"
"4","Phone","redo","","9:27:20 AM"
"4","Phone","insert","toolbar","9:27:32 AM"
"4","Phone","redo","","9:27:35 AM"
"4","Phone","demote","toolbar","9:27:48 AM"
"4","Phone","insert","toolbar","9:27:53 AM"
"4","Phone","redo","","9:27:55 AM"
"4","Phone","merge","toolbar","9:28:11 AM"
"4","Phone","merge","toolbar","9:28:17 AM"
"4","Phone","merge","toolbar","9:28:20 AM"
"4","Phone","merge","toolbar","9:28:27 AM"
"4","Phone","split","toolbar","9:28:30 AM"
"4","Phone","redo","","9:28:34 AM"
"4","Phone","redo","","9:28:37 AM"
"4","Phone","redo","","9:28:38 AM"
"4","Phone","redo","","9:28:45 AM"
"4","Phone","merge","touch","9:28:57 AM"
"4","Phone","insert","touch","9:29:17 AM"
"4","Phone","insert","touch","9:29:17 AM"
"4","Phone","redo","","9:29:19 AM"
"4","Phone","redo","","9:29:20 AM"
"4","Phone","promote","toolbar","9:29:24 AM"
"5","Phone","delete","touch","11:04:44 AM"
"5","Phone","demote","touch","11:04:46 AM"
"5","Phone","delete","toolbar","11:04:49 AM"
"5","Phone","promote","toolbar","11:04:52 AM"
"5","Phone","merge","touch","11:04:58 AM"
"5","Phone","promote","toolbar","11:05:03 AM"
"5","Phone","demote","touch","11:09:08 AM"
"5","Phone","delete","touch","11:09:09 AM"
"5","Phone","redo","","11:09:13 AM"
"5","Phone","redo","","11:09:16 AM"
"5","Phone","redo","","11:09:18 AM"
"5","Phone","redo","","11:09:20 AM"
"5","Phone","merge","touch","11:09:41 AM"
"5","Phone","split","touch","11:09:44 AM"
"5","Phone","merge","toolbar","11:09:51 AM"
"5","Phone","insert","touch","11:09:57 AM"
"5","Phone","promote","toolbar","11:10:07 AM"
"5","Phone","split","touch","11:10:20 AM"
"5","Phone","insert","touch","11:10:40 AM"
"5","Phone","merge","toolbar","11:10:44 AM"
"5","Tablet","demote","touch","11:12:53 AM"
"5","Tablet","promote","toolbar","11:13:05 AM"
"5","Tablet","merge","touch","11:13:13 AM"
"5","Tablet","demote","toolbar","11:14:28 AM"
"5","Tablet","insert","touch","11:14:40 AM"
"5","Tablet","insert","touch","11:14:52 AM"
"5","Tablet","redo","","11:14:56 AM"
"5","Tablet","split","touch","11:14:59 AM"
"5","Tablet","insert","touch","11:15:04 AM"
"5","Tablet","split","touch","11:15:09 AM"
"5","Tablet","redo","","11:15:11 AM"
"5","Tablet","split","touch","11:15:23 AM"
"5","Tablet","redo","","11:15:25 AM"
"5","Tablet","merge","touch","11:15:38 AM"
"5","Tablet","merge","touch","11:15:39 AM"
"5","Tablet","merge","touch","11:15:41 AM"
"5","Tablet","merge","touch","11:15:42 AM"
"5","Tablet","merge","touch","11:15:43 AM"
"5","Tablet","insert","touch","11:15:47 AM"
"5","Tablet","redo","","11:15:49 AM"
"5","Tablet","merge","touch","11:15:53 AM"
"5","Tablet","split","toolbar","11:15:56 AM"
"5","Tablet","insert","touch","11:16:08 AM"
"5","Tablet","insert","touch","11:16:11 AM"
"5","Tablet","insert","touch","11:16:15 AM"
"5","Tablet","insert","touch","11:16:17 AM"
"5","Tablet","insert","touch","11:16:18 AM"
"5","Tablet","delete","toolbar","11:16:22 AM"
"5","Tablet","insert","touch","11:16:46 AM"
"5","Tablet","redo","","11:16:48 AM"
"5","Tablet","split","touch","11:16:54 AM"
"5","Tablet","split","touch","11:16:56 AM"
"5","Tablet","merge","touch","11:16:58 AM"
"5","Tablet","insert","touch","11:17:02 AM"
"5","Tablet","merge","touch","11:17:05 AM"
"5","Tablet","merge","touch","11:17:09 AM"
"5","Tablet","merge","touch","11:17:18 AM"
"5","Tablet","promote","toolbar","11:17:29 AM"
"6","Phone","promote","touch","12:32:06 PM"
"6","Phone","merge","touch","12:32:13 PM"
"6","Phone","split","touch","12:33:15 PM"
"6","Phone","merge","touch","12:33:40 PM"
"6","Phone","split","touch","12:33:57 PM"
"6","Phone","promote","touch","12:34:07 PM"
"6","Phone","demote","touch","12:34:09 PM"
"6","Phone","merge","touch","12:34:22 PM"
"6","Phone","split","touch","12:34:37 PM"
"6","Phone","promote","touch","12:34:42 PM"
"6","Phone","promote","touch","12:35:06 PM"
"6","Phone","insert","touch","12:35:14 PM"
"6","Phone","merge","toolbar","12:35:35 PM"
"6","Phone","redo","","12:35:42 PM"
"6","Phone","redo","","12:35:44 PM"
"6","Phone","redo","","12:35:45 PM"
"6","Tablet","demote","touch","12:36:38 PM"
"6","Tablet","promote","touch","12:36:45 PM"
"6","Tablet","demote","touch","12:37:01 PM"
"6","Tablet","merge","touch","12:37:22 PM"
"6","Tablet","insert","touch","12:37:25 PM"
"6","Tablet","promote","touch","12:37:27 PM"
"6","Tablet","merge","touch","12:37:33 PM"
"6","Tablet","split","touch","12:38:42 PM"
"6","Tablet","merge","touch","12:38:57 PM"
"6","Tablet","split","touch","12:39:05 PM"
"6","Tablet","promote","touch","12:39:28 PM"
"6","Tablet","merge","touch","12:39:31 PM"
"6","Tablet","merge","touch","12:39:44 PM"
"6","Tablet","merge","touch","12:39:56 PM"
"6","Tablet","insert","toolbar","12:40:25 PM"
"6","Tablet","redo","","12:40:33 PM"
"6","Tablet","insert","touch","12:40:35 PM"
"6","Tablet","redo","","12:40:37 PM"
"6","Tablet","insert","toolbar","12:40:42 PM"
"6","Tablet","redo","","12:40:47 PM"
"6","Tablet","insert","touch","12:40:50 PM"
"6","Tablet","promote","touch","12:40:58 PM"
"6","Tablet","redo","","12:41:12 PM"
"6","Tablet","redo","","12:41:14 PM"
"6","Tablet","redo","","12:41:16 PM"
"6","Tablet","redo","","12:41:17 PM"
"6","Tablet","insert","touch","12:41:37 PM"
"6","Tablet","merge","touch","12:41:43 PM"
"6","Tablet","insert","touch","12:41:49 PM"
"6","Tablet","merge","touch","12:41:57 PM"
"6","Tablet","insert","touch","12:42:07 PM"
"6","Tablet","redo","","12:42:09 PM"
"6","Tablet","insert","touch","12:42:11 PM"
"6","Tablet","redo","","12:42:12 PM"
"6","Tablet","insert","touch","12:42:14 PM"
"6","Tablet","redo","","12:42:16 PM"
"6","Tablet","insert","toolbar","12:42:20 PM"
"6","Tablet","redo","","12:42:23 PM"
"6","Tablet","insert","touch","12:42:27 PM"
"6","Tablet","redo","","12:42:29 PM"
"6","Tablet","insert","toolbar","12:42:39 PM"
"6","Tablet","redo","","12:42:41 PM"
"6","Tablet","insert","toolbar","12:42:44 PM"
"6","Tablet","redo","","12:42:46 PM"
"6","Tablet","promote","touch","12:42:57 PM"
"7","Tablet","delete","toolbar","11:59:39 AM"
"7","Tablet","split","toolbar","11:59:52 AM"
"7","Tablet","redo","","11:59:56 AM"
"7","Tablet","split","toolbar","11:59:57 AM"
"7","Tablet","insert","touch","12:00:06 PM"
"7","Tablet","redo","","12:00:08 PM"
"7","Tablet","redo","","12:00:12 PM"
"7","Tablet","promote","toolbar","12:00:25 PM"
"7","Tablet","promote","toolbar","12:00:33 PM"
"7","Tablet","demote","toolbar","12:02:01 PM"
"7","Tablet","insert","toolbar","12:02:15 PM"
"7","Tablet","merge","toolbar","12:02:23 PM"
"7","Tablet","merge","toolbar","12:02:25 PM"
"7","Tablet","promote","toolbar","12:02:38 PM"
"7","Tablet","insert","touch","12:02:43 PM"
"7","Tablet","redo","","12:02:44 PM"
"7","Tablet","split","toolbar","12:02:49 PM"
"7","Tablet","promote","toolbar","12:03:00 PM"
"7","Tablet","demote","toolbar","12:05:06 PM"
"7","Tablet","promote","toolbar","12:05:09 PM"
"7","Tablet","merge","toolbar","12:05:15 PM"
"7","Tablet","promote","toolbar","12:05:46 PM"
"7","Tablet","demote","toolbar","12:06:02 PM"
"7","Tablet","insert","toolbar","12:06:16 PM"
"7","Tablet","insert","toolbar","12:07:20 PM"
"7","Tablet","insert","toolbar","12:07:25 PM"
"7","Tablet","insert","toolbar","12:07:31 PM"
"7","Tablet","insert","toolbar","12:07:36 PM"
"7","Tablet","split","toolbar","12:07:43 PM"
"7","Tablet","merge","toolbar","12:07:51 PM"
"7","Tablet","split","toolbar","12:07:57 PM"
"7","Tablet","insert","touch","12:08:10 PM"
"7","Tablet","insert","toolbar","12:08:24 PM"
"7","Tablet","insert","toolbar","12:08:29 PM"
"7","Tablet","promote","touch","12:08:41 PM"
"7","Tablet","delete","toolbar","12:08:48 PM"
"7","Tablet","merge","toolbar","12:08:56 PM"
"7","Tablet","merge","toolbar","12:09:03 PM"
"7","Tablet","split","toolbar","12:09:07 PM"
"7","Tablet","redo","","12:09:08 PM"
"7","Tablet","promote","toolbar","12:09:19 PM"
"7","Tablet","insert","toolbar","12:09:38 PM"
"7","Tablet","merge","toolbar","12:09:48 PM"
"7","Tablet","insert","toolbar","12:09:53 PM"
"7","Tablet","merge","toolbar","12:09:58 PM"
"7","Tablet","merge","toolbar","12:10:16 PM"
"7","Tablet","insert","toolbar","12:10:26 PM"
"7","Tablet","insert","touch","12:10:29 PM"
"7","Tablet","redo","","12:10:34 PM"
"7","Tablet","insert","toolbar","12:10:45 PM"
"7","Tablet","promote","toolbar","12:10:51 PM"
"7","Tablet","merge","toolbar","12:10:57 PM"
"7","Tablet","delete","toolbar","12:11:08 PM"
"7","Tablet","delete","toolbar","12:11:11 PM"
"7","Tablet","redo","","12:11:16 PM"
"8","Phone","merge","touch","3:41:33 PM"
"8","Phone","split","touch","3:41:37 PM"
"8","Phone","delete","toolbar","3:41:49 PM"
"8","Phone","promote","touch","3:42:11 PM"
"8","Phone","merge","touch","3:42:13 PM"
"8","Phone","merge","touch","3:42:14 PM"
"8","Phone","promote","touch","3:42:23 PM"
"8","Phone","promote","toolbar","3:42:46 PM"
"8","Phone","demote","toolbar","3:44:07 PM"
"8","Phone","insert","touch","3:44:11 PM"
"8","Phone","promote","toolbar","3:44:39 PM"
"8","Phone","merge","toolbar","3:44:54 PM"
"8","Phone","merge","toolbar","3:45:04 PM"
"8","Phone","split","toolbar","3:47:13 PM"
"8","Tablet","promote","touch","3:48:43 PM"
"8","Tablet","demote","touch","3:48:47 PM"
"8","Tablet","promote","touch","3:48:55 PM"
"8","Tablet","promote","touch","3:48:59 PM"
"8","Tablet","merge","touch","3:50:09 PM"
"8","Tablet","insert","toolbar","3:51:04 PM"
"8","Tablet","redo","","3:51:07 PM"
"8","Tablet","split","touch","3:51:20 PM"
"8","Tablet","insert","toolbar","3:51:35 PM"
"8","Tablet","redo","","3:51:37 PM"
"8","Tablet","split","toolbar","3:51:44 PM"
"8","Tablet","redo","","3:51:46 PM"
"8","Tablet","insert","toolbar","3:51:59 PM"
"8","Tablet","insert","toolbar","3:52:03 PM"
"8","Tablet","insert","toolbar","3:52:09 PM"
"8","Tablet","redo","","3:52:13 PM"
"8","Tablet","insert","toolbar","3:52:22 PM"
"8","Tablet","split","touch","3:52:41 PM"
"8","Tablet","insert","toolbar","3:53:23 PM"
"8","Tablet","insert","touch","3:53:25 PM"
"8","Tablet","delete","toolbar","3:53:29 PM"
"8","Tablet","redo","","3:53:31 PM"
"8","Tablet","delete","toolbar","3:53:42 PM"
"8","Tablet","delete","toolbar","3:53:45 PM"
"8","Tablet","delete","toolbar","3:53:46 PM"
"8","Tablet","delete","toolbar","3:53:49 PM"
"8","Tablet","split","touch","3:53:55 PM"
"8","Tablet","redo","","3:53:58 PM"
"8","Tablet","merge","toolbar","3:54:04 PM"
"8","Tablet","merge","toolbar","3:54:08 PM"
"8","Tablet","merge","toolbar","3:54:09 PM"
"8","Tablet","merge","toolbar","3:54:22 PM"
"8","Tablet","merge","toolbar","3:54:24 PM"
"8","Tablet","merge","toolbar","3:54:26 PM"
"8","Tablet","merge","toolbar","3:54:27 PM"
"8","Tablet","merge","toolbar","3:54:30 PM"
"8","Tablet","insert","toolbar","3:54:36 PM"
"8","Tablet","insert","touch","3:54:54 PM"
"8","Tablet","redo","","3:54:56 PM"
"8","Tablet","promote","touch","3:55:00 PM"
"8","Tablet","merge","toolbar","3:55:13 PM"
"8","Tablet","merge","toolbar","3:55:15 PM"
"8","Tablet","merge","toolbar","3:55:17 PM"
"8","Tablet","merge","toolbar","3:55:18 PM"
"8","Tablet","merge","toolbar","3:55:20 PM"
"8","Tablet","merge","toolbar","3:55:27 PM"
"8","Tablet","merge","toolbar","3:55:42 PM"
"8","Tablet","insert","touch","3:55:54 PM"
"8","Tablet","promote","touch","3:56:23 PM"
"9","Phone","delete","touch","1:40:44 PM"
"9","Phone","promote","touch","1:41:01 PM"
"9","Phone","split","toolbar","1:41:54 PM"
"9","Phone","merge","touch","1:42:02 PM"
"9","Phone","promote","touch","1:42:09 PM"
"9","Phone","promote","toolbar","1:42:28 PM"
"9","Phone","demote","toolbar","1:44:07 PM"
"9","Phone","insert","touch","1:44:15 PM"
"9","Phone","merge","touch","1:44:17 PM"
"9","Phone","promote","toolbar","1:44:22 PM"
"9","Phone","merge","touch","1:44:29 PM"
"9","Tablet","demote","toolbar","1:45:48 PM"
"9","Tablet","merge","touch","1:46:26 PM"
"9","Tablet","promote","touch","1:46:38 PM"
"9","Tablet","promote","toolbar","1:47:06 PM"
"9","Tablet","insert","touch","1:47:50 PM"
"9","Tablet","redo","","1:47:52 PM"
"9","Tablet","insert","touch","1:47:59 PM"
"9","Tablet","insert","touch","1:48:10 PM"
"9","Tablet","insert","touch","1:48:12 PM"
"9","Tablet","split","touch","1:48:16 PM"
"9","Tablet","split","touch","1:48:22 PM"
"9","Tablet","redo","","1:48:25 PM"
"9","Tablet","merge","touch","1:48:33 PM"
"9","Tablet","split","touch","1:48:41 PM"
"9","Tablet","merge","touch","1:48:57 PM"
"9","Tablet","insert","touch","1:49:06 PM"
"9","Tablet","insert","touch","1:49:13 PM"
"9","Tablet","merge","touch","1:49:16 PM"
"9","Tablet","merge","touch","1:49:16 PM"
"9","Tablet","merge","touch","1:49:17 PM"
"9","Tablet","merge","touch","1:49:17 PM"
"9","Tablet","merge","toolbar","1:49:19 PM"
"9","Tablet","merge","toolbar","1:49:21 PM"
"9","Tablet","merge","touch","1:49:24 PM"
"9","Tablet","merge","touch","1:49:24 PM"
"9","Tablet","merge","toolbar","1:49:27 PM"
"9","Tablet","redo","","1:49:33 PM"
"9","Tablet","redo","","1:49:36 PM"
"9","Tablet","redo","","1:49:38 PM"
"9","Tablet","redo","","1:49:43 PM"
"9","Tablet","merge","toolbar","1:49:50 PM"
"9","Tablet","split","toolbar","1:49:56 PM"
"9","Tablet","redo","","1:50:02 PM"
"9","Tablet","delete","touch","1:50:08 PM"
"9","Tablet","split","toolbar","1:50:10 PM"
"9","Tablet","delete","toolbar","1:50:14 PM"
"9","Tablet","delete","touch","1:50:30 PM"
"9","Tablet","delete","touch","1:50:31 PM"
"9","Tablet","delete","touch","1:50:33 PM"
"9","Tablet","delete","touch","1:50:33 PM"
"9","Tablet","delete","touch","1:50:34 PM"
"9","Tablet","insert","toolbar","1:50:49 PM"
"9","Tablet","redo","","1:50:51 PM"
"9","Tablet","insert","toolbar","1:50:57 PM"
"9","Tablet","merge","toolbar","1:51:06 PM"
"9","Tablet","merge","touch","1:51:29 PM"
"9","Tablet","delete","touch","1:51:40 PM"
"9","Tablet","delete","toolbar","1:51:42 PM"
"9","Tablet","delete","touch","1:51:45 PM"
"9","Tablet","redo","","1:51:47 PM"
"9","Tablet","demote","toolbar","1:51:53 PM"
"9","Tablet","promote","toolbar","1:51:58 PM"
"9","Tablet","delete","toolbar","1:52:01 PM"
"9","Tablet","insert","touch","1:52:17 PM"
"9","Tablet","insert","touch","1:52:21 PM"
"9","Tablet","insert","touch","1:52:22 PM"
"9","Tablet","insert","touch","1:52:23 PM"
"9","Tablet","insert","touch","1:52:24 PM"
"9","Tablet","merge","touch","1:52:28 PM"
"9","Tablet","promote","toolbar","1:52:45 PM"
"9","Tablet","demote","toolbar","1:52:57 PM"
"9","Tablet","promote","toolbar","1:53:12 PM"
"9","Tablet","promote","toolbar","1:53:14 PM"
"9","Tablet","merge","toolbar","1:53:31 PM"
"10","Tablet","delete","toolbar","3:07:27 PM"
"10","Tablet","promote","toolbar","3:07:32 PM"
"10","Tablet","insert","toolbar","3:07:46 PM"
"10","Tablet","promote","toolbar","3:07:48 PM"
"10","Tablet","demote","toolbar","3:08:38 PM"
"10","Tablet","promote","toolbar","3:08:45 PM"
"10","Tablet","split","toolbar","3:08:49 PM"
"10","Tablet","promote","toolbar","3:08:55 PM"
"10","Tablet","redo","","3:08:59 PM"
"10","Tablet","promote","toolbar","3:09:10 PM"
"10","Tablet","delete","toolbar","3:09:22 PM"
"10","Tablet","delete","toolbar","3:09:24 PM"
"10","Tablet","insert","toolbar","3:09:29 PM"
"10","Tablet","redo","","3:09:31 PM"
"10","Tablet","split","toolbar","3:09:46 PM"
"10","Tablet","redo","","3:09:48 PM"
"10","Tablet","insert","toolbar","3:09:55 PM"
"10","Tablet","merge","toolbar","3:09:58 PM"
"10","Tablet","insert","toolbar","3:10:08 PM"
"10","Phone","split","touch","3:11:18 PM"
"10","Phone","demote","toolbar","3:11:25 PM"
"10","Phone","insert","touch","3:11:29 PM"
"10","Phone","redo","","3:11:31 PM"
"10","Phone","insert","touch","3:11:32 PM"
"10","Phone","redo","","3:11:34 PM"
"10","Phone","insert","touch","3:11:35 PM"
"10","Phone","redo","","3:11:37 PM"
"10","Phone","promote","toolbar","3:11:41 PM"
"10","Phone","insert","touch","3:11:59 PM"
"10","Phone","split","touch","3:12:47 PM"
"10","Phone","redo","","3:12:49 PM"
"10","Phone","split","touch","3:12:51 PM"
"10","Phone","redo","","3:12:53 PM"
"10","Phone","split","touch","3:12:55 PM"
"10","Phone","delete","toolbar","3:13:07 PM"
"10","Phone","delete","toolbar","3:13:11 PM"
"10","Phone","delete","toolbar","3:13:21 PM"
"10","Phone","delete","toolbar","3:13:26 PM"
"10","Phone","delete","toolbar","3:13:31 PM"
"10","Phone","delete","toolbar","3:13:33 PM"
"10","Phone","merge","toolbar","3:13:37 PM"
"10","Phone","split","toolbar","3:14:39 PM"
"10","Phone","split","toolbar","3:14:44 PM"
"10","Phone","delete","toolbar","3:14:49 PM"
"10","Phone","delete","toolbar","3:15:10 PM"
"10","Phone","delete","toolbar","3:15:13 PM"
"10","Phone","demote","toolbar","3:15:17 PM"
"10","Phone","promote","toolbar","3:15:20 PM"
"10","Phone","delete","toolbar","3:15:35 PM"
"10","Phone","delete","toolbar","3:15:39 PM"
"10","Phone","delete","toolbar","3:15:41 PM"
"10","Phone","delete","toolbar","3:15:49 PM"
"10","Phone","promote","toolbar","3:15:54 PM"
"10","Phone","delete","toolbar","3:16:24 PM"
"10","Phone","delete","toolbar","3:16:29 PM"
"10","Phone","delete","toolbar","3:16:34 PM"
"10","Phone","delete","toolbar","3:16:41 PM"
"10","Phone","delete","toolbar","3:16:47 PM"
"10","Phone","delete","toolbar","3:16:49 PM"
"11","Tablet","delete","toolbar","4:38:00 PM"
"11","Tablet","promote","toolbar","4:38:08 PM"
"11","Tablet","merge","toolbar","4:38:15 PM"
"11","Tablet","promote","toolbar","4:38:17 PM"
"11","Tablet","demote","toolbar","4:39:31 PM"
"11","Tablet","insert","toolbar","4:39:41 PM"
"11","Tablet","promote","toolbar","4:39:44 PM"
"11","Tablet","merge","toolbar","4:39:50 PM"
"11","Tablet","merge","toolbar","4:39:56 PM"
"11","Tablet","insert","touch","4:40:22 PM"
"11","Tablet","redo","","4:40:23 PM"
"11","Tablet","split","toolbar","4:40:28 PM"
"11","Tablet","promote","toolbar","4:40:57 PM"
"11","Phone","demote","toolbar","4:42:01 PM"
"11","Phone","promote","toolbar","4:42:08 PM"
"11","Phone","split","touch","4:42:52 PM"
"11","Phone","merge","toolbar","4:43:23 PM"
"11","Phone","split","toolbar","4:44:15 PM"
"11","Phone","split","toolbar","4:44:22 PM"
"11","Phone","split","toolbar","4:44:31 PM"
"11","Phone","redo","","4:44:34 PM"
"11","Phone","insert","toolbar","4:44:38 PM"
"11","Phone","insert","toolbar","4:44:42 PM"
"11","Phone","merge","toolbar","4:44:48 PM"
"11","Phone","insert","toolbar","4:45:06 PM"
"11","Phone","insert","toolbar","4:45:18 PM"
"11","Phone","merge","toolbar","4:45:35 PM"
"11","Phone","promote","toolbar","4:45:38 PM"
"11","Phone","promote","toolbar","4:45:50 PM"
"11","Phone","delete","toolbar","4:46:02 PM"
"11","Phone","demote","toolbar","4:46:19 PM"
"11","Phone","insert","toolbar","4:46:41 PM"
"11","Phone","insert","toolbar","4:46:45 PM"
"11","Phone","insert","toolbar","4:46:48 PM"
"11","Phone","insert","toolbar","4:46:52 PM"
"11","Phone","merge","toolbar","4:46:55 PM"
"11","Phone","promote","toolbar","4:46:59 PM"
"12","Phone","delete","touch","2:17:54 PM"
"12","Phone","merge","touch","2:18:00 PM"
"12","Phone","merge","touch","2:18:00 PM"
"12","Phone","merge","touch","2:18:05 PM"
"12","Phone","merge","toolbar","2:18:46 PM"
"12","Phone","merge","touch","2:19:07 PM"
"12","Phone","merge","touch","2:19:08 PM"
"12","Phone","demote","touch","2:19:17 PM"
"12","Phone","delete","touch","2:19:19 PM"
"12","Phone","promote","toolbar","2:19:27 PM"
"12","Phone","promote","toolbar","2:19:32 PM"
"12","Phone","demote","touch","2:20:44 PM"
"12","Phone","split","toolbar","2:21:08 PM"
"12","Phone","merge","toolbar","2:21:19 PM"
"12","Phone","insert","toolbar","2:21:31 PM"
"12","Phone","merge","toolbar","2:21:39 PM"
"12","Phone","promote","toolbar","2:21:52 PM"
"12","Tablet","demote","touch","2:22:26 PM"
"12","Tablet","delete","touch","2:22:57 PM"
"12","Tablet","redo","","2:22:59 PM"
"12","Tablet","promote","touch","2:23:06 PM"
"12","Tablet","merge","toolbar","2:23:16 PM"
"12","Tablet","split","toolbar","2:24:58 PM"
"12","Tablet","merge","toolbar","2:25:08 PM"
"12","Tablet","merge","toolbar","2:25:17 PM"
"12","Tablet","split","toolbar","2:25:22 PM"
"12","Tablet","insert","toolbar","2:25:33 PM"
"12","Tablet","insert","toolbar","2:25:37 PM"
"12","Tablet","merge","toolbar","2:25:48 PM"
"12","Tablet","insert","toolbar","2:26:14 PM"
"12","Tablet","merge","toolbar","2:26:24 PM"
"12","Tablet","promote","toolbar","2:26:29 PM"
"12","Tablet","merge","toolbar","2:26:40 PM"
"12","Tablet","merge","toolbar","2:26:46 PM"
"12","Tablet","delete","touch","2:26:46 PM"
"12","Tablet","redo","","2:26:48 PM"
"12","Tablet","merge","toolbar","2:27:00 PM"
"12","Tablet","merge","toolbar","2:27:03 PM"
"12","Tablet","merge","toolbar","2:27:05 PM"
"12","Tablet","merge","toolbar","2:27:07 PM"
"12","Tablet","demote","touch","2:27:17 PM"
"12","Tablet","promote","toolbar","2:27:27 PM"
"12","Tablet","insert","toolbar","2:27:41 PM"
"12","Tablet","redo","","2:27:45 PM"
"12","Tablet","insert","toolbar","2:27:59 PM"
"12","Tablet","merge","toolbar","2:28:07 PM"
"12","Tablet","insert","toolbar","2:28:15 PM"
"12","Tablet","merge","toolbar","2:28:21 PM"
"12","Tablet","promote","toolbar","2:28:26 PM"
"12","Tablet","merge","toolbar","2:28:47 PM"
"13","Phone","promote","toolbar","4:08:42 PM"
"13","Phone","promote","touch","4:09:50 PM"
"13","Phone","promote","touch","4:09:52 PM"
"13","Phone","promote","touch","4:09:53 PM"
"13","Phone","insert","toolbar","4:09:58 PM"
"13","Phone","insert","toolbar","4:10:13 PM"
"13","Phone","redo","","4:10:15 PM"
"13","Phone","delete","toolbar","4:10:18 PM"
"13","Phone","redo","","4:10:20 PM"
"13","Phone","delete","toolbar","4:10:30 PM"
"13","Phone","promote","toolbar","4:10:50 PM"
"13","Phone","promote","toolbar","4:11:03 PM"
"13","Phone","insert","toolbar","4:12:02 PM"
"13","Phone","delete","toolbar","4:12:09 PM"
"13","Phone","delete","toolbar","4:12:25 PM"
"13","Phone","demote","toolbar","4:12:33 PM"
"13","Phone","promote","toolbar","4:12:38 PM"
"13","Phone","insert","toolbar","4:12:51 PM"
"13","Phone","redo","","4:12:55 PM"
"13","Phone","insert","toolbar","4:13:02 PM"
"13","Phone","redo","","4:13:06 PM"
"13","Phone","redo","","4:13:12 PM"
"13","Phone","redo","","4:13:13 PM"
"13","Phone","redo","","4:13:15 PM"
"13","Phone","insert","toolbar","4:13:32 PM"
"13","Phone","merge","toolbar","4:13:39 PM"
"13","Tablet","demote","toolbar","4:14:34 PM"
"13","Tablet","promote","toolbar","4:14:45 PM"
"13","Tablet","merge","toolbar","4:15:12 PM"
"13","Tablet","promote","toolbar","4:15:28 PM"
"13","Tablet","split","toolbar","4:17:46 PM"
"13","Tablet","split","toolbar","4:18:03 PM"
"13","Tablet","delete","toolbar","4:18:15 PM"
"13","Tablet","delete","toolbar","4:18:23 PM"
"13","Tablet","delete","toolbar","4:18:26 PM"
"13","Tablet","delete","toolbar","4:18:34 PM"
"13","Tablet","delete","toolbar","4:18:37 PM"
"13","Tablet","demote","toolbar","4:18:47 PM"
"13","Tablet","promote","toolbar","4:18:49 PM"
"14","Tablet","promote","touch","10:29:06 AM"
"14","Tablet","merge","touch","10:29:12 AM"
"14","Tablet","delete","touch","10:29:22 AM"
"14","Tablet","redo","","10:29:24 AM"
"14","Tablet","promote","touch","10:29:27 AM"
"14","Tablet","promote","touch","10:29:56 AM"
"14","Tablet","merge","touch","10:30:38 AM"
"14","Tablet","merge","touch","10:30:41 AM"
"14","Tablet","promote","touch","10:30:51 AM"
"14","Tablet","promote","touch","10:30:54 AM"
"14","Tablet","delete","touch","10:30:55 AM"
"14","Tablet","redo","","10:30:58 AM"
"14","Tablet","redo","","10:31:00 AM"
"14","Tablet","redo","","10:31:04 AM"
"14","Tablet","merge","touch","10:31:36 AM"
"14","Tablet","redo","","10:31:38 AM"
"14","Phone","insert","touch","10:32:32 AM"
"14","Phone","merge","touch","10:33:20 AM"
"14","Phone","promote","touch","10:34:02 AM"
"14","Phone","split","touch","10:34:05 AM"
"14","Phone","promote","touch","10:34:07 AM"
"14","Phone","split","touch","10:34:15 AM"
"14","Phone","redo","","10:34:17 AM"
"14","Phone","redo","","10:34:19 AM"
"14","Phone","split","touch","10:34:30 AM"
"14","Phone","split","touch","10:34:34 AM"
"14","Phone","split","touch","10:34:34 AM"
"14","Phone","split","touch","10:34:35 AM"
"14","Phone","split","touch","10:34:48 AM"
"14","Phone","insert","touch","10:35:04 AM"
"14","Phone","redo","","10:35:06 AM"
"14","Phone","redo","","10:35:17 AM"
"14","Phone","merge","touch","10:35:19 AM"
"14","Phone","redo","","10:35:22 AM"
"14","Phone","merge","toolbar","10:35:24 AM"
"14","Phone","redo","","10:35:27 AM"
"14","Phone","merge","toolbar","10:35:31 AM"
"14","Phone","redo","","10:35:33 AM"
"14","Phone","merge","toolbar","10:35:47 AM"
"14","Phone","merge","toolbar","10:35:51 AM"
"14","Phone","merge","toolbar","10:35:54 AM"
"14","Phone","merge","touch","10:36:04 AM"
"14","Phone","insert","touch","10:38:02 AM"
"14","Phone","insert","touch","10:38:09 AM"
"14","Phone","insert","touch","10:38:36 AM"
"14","Phone","split","toolbar","10:38:41 AM"
"14","Phone","insert","touch","10:38:53 AM"
"14","Phone","redo","","10:38:58 AM"
"14","Phone","insert","touch","10:38:59 AM"
"14","Phone","merge","touch","10:39:05 AM"
"14","Phone","merge","touch","10:39:05 AM"
"14","Phone","merge","touch","10:39:06 AM"
"14","Phone","merge","touch","10:39:06 AM"
"14","Phone","merge","touch","10:39:07 AM"
"14","Phone","merge","touch","10:39:07 AM"
"14","Phone","merge","toolbar","10:39:09 AM"
"14","Phone","split","touch","10:39:16 AM"
"14","Phone","redo","","10:39:21 AM"
"14","Phone","merge","toolbar","10:39:27 AM"
"14","Phone","merge","toolbar","10:39:37 AM"
"14","Phone","redo","","10:39:47 AM"
"14","Phone","split","toolbar","10:39:56 AM"
"14","Phone","delete","toolbar","10:40:19 AM"
"14","Phone","delete","toolbar","10:40:32 AM"
"14","Phone","delete","toolbar","10:40:35 AM"
"14","Phone","insert","touch","10:40:44 AM"
"14","Phone","redo","","10:40:48 AM"
"14","Phone","delete","toolbar","10:40:56 AM"
"14","Phone","merge","touch","10:41:29 AM"
"14","Phone","delete","toolbar","10:41:35 AM"
"14","Phone","merge","touch","10:41:37 AM"
"14","Phone","split","toolbar","10:41:44 AM"
"14","Phone","redo","","10:41:48 AM"
"14","Phone","demote","touch","10:41:51 AM"
"14","Phone","merge","toolbar","10:41:53 AM"
"15","Tablet","split","toolbar","9:38:17 AM"
"15","Tablet","delete","toolbar","9:38:23 AM"
"15","Tablet","promote","toolbar","9:38:34 AM"
"15","Tablet","demote","toolbar","9:38:39 AM"
"15","Tablet","merge","toolbar","9:38:45 AM"
"15","Tablet","demote","toolbar","9:39:01 AM"
"15","Tablet","merge","toolbar","9:39:19 AM"
"15","Tablet","promote","toolbar","9:40:15 AM"
"15","Tablet","promote","toolbar","9:40:21 AM"
"15","Tablet","demote","toolbar","9:40:23 AM"
"15","Tablet","merge","toolbar","9:40:33 AM"
"15","Tablet","insert","toolbar","9:40:38 AM"
"15","Tablet","merge","toolbar","9:40:42 AM"
"15","Tablet","demote","toolbar","9:40:46 AM"
"15","Tablet","promote","toolbar","9:40:53 AM"
"15","Tablet","merge","toolbar","9:41:30 AM"
"15","Tablet","merge","toolbar","9:41:34 AM"
"15","Tablet","delete","touch","9:41:39 AM"
"15","Tablet","redo","","9:41:41 AM"
"15","Tablet","demote","toolbar","9:41:48 AM"
"15","Tablet","split","toolbar","9:42:49 AM"
"15","Tablet","redo","","9:42:54 AM"
"15","Phone","split","touch","9:43:40 AM"
"15","Phone","demote","toolbar","9:44:08 AM"
"15","Phone","insert","touch","9:44:16 AM"
"15","Phone","redo","","9:44:18 AM"
"15","Phone","merge","toolbar","9:45:15 AM"
"15","Phone","promote","toolbar","9:45:52 AM"
"15","Phone","redo","","9:45:54 AM"
"15","Phone","delete","touch","9:45:56 AM"
"15","Phone","delete","touch","9:45:56 AM"
"15","Phone","redo","","9:45:58 AM"
"15","Phone","redo","","9:46:03 AM"
"15","Phone","promote","toolbar","9:46:11 AM"
"15","Phone","split","touch","9:46:24 AM"
"15","Phone","insert","touch","9:47:01 AM"
"15","Phone","redo","","9:47:03 AM"
"15","Phone","demote","toolbar","9:47:09 AM"
"15","Phone","split","toolbar","9:47:14 AM"
"15","Phone","split","toolbar","9:47:20 AM"
"15","Phone","split","toolbar","9:47:22 AM"
"15","Phone","redo","","9:47:25 AM"
"15","Phone","redo","","9:47:35 AM"
"15","Phone","redo","","9:47:37 AM"
"15","Phone","merge","toolbar","9:47:42 AM"
"15","Phone","merge","toolbar","9:47:46 AM"
"15","Phone","delete","touch","9:47:46 AM"
"15","Phone","redo","","9:47:48 AM"
"15","Phone","merge","toolbar","9:47:53 AM"
"15","Phone","merge","toolbar","9:47:56 AM"
"15","Phone","merge","toolbar","9:47:59 AM"
"15","Phone","merge","toolbar","9:48:10 AM"
"15","Phone","insert","toolbar","9:48:21 AM"
"15","Phone","insert","toolbar","9:48:24 AM"
"15","Phone","insert","toolbar","9:48:29 AM"
"15","Phone","insert","toolbar","9:48:37 AM"
"15","Phone","redo","","9:48:44 AM"
"15","Phone","redo","","9:48:45 AM"
"15","Phone","redo","","9:48:47 AM"
"15","Phone","delete","touch","9:48:52 AM"
"15","Phone","redo","","9:48:53 AM"
"15","Phone","merge","toolbar","9:49:21 AM"
"15","Phone","insert","toolbar","9:49:31 AM"
"15","Phone","merge","toolbar","9:49:49 AM"
"15","Phone","redo","","9:49:59 AM"
"15","Phone","redo","","9:50:01 AM"
"15","Phone","redo","","9:50:02 AM"
"15","Phone","redo","","9:50:05 AM"
"15","Phone","redo","","9:50:06 AM"
"15","Phone","redo","","9:50:08 AM"
"15","Phone","redo","","9:50:10 AM"
"15","Phone","redo","","9:50:12 AM"
"15","Phone","redo","","9:50:13 AM"
"15","Phone","redo","","9:50:18 AM"
"15","Phone","redo","","9:50:19 AM"
"15","Phone","redo","","9:50:21 AM"
"15","Phone","redo","","9:50:22 AM"
"15","Phone","redo","","9:50:23 AM"
"15","Phone","promote","toolbar","9:50:36 AM"
"15","Phone","merge","toolbar","9:50:43 AM"
"15","Phone","split","touch","9:50:59 AM"
"15","Phone","delete","toolbar","9:51:10 AM"
"15","Phone","split","toolbar","9:51:28 AM"
"15","Phone","redo","","9:51:30 AM"
"15","Phone","split","toolbar","9:51:41 AM"
"15","Phone","redo","","9:51:42 AM"
"15","Phone","merge","toolbar","9:52:01 AM"
"15","Phone","redo","","9:52:11 AM"
"15","Phone","redo","","9:52:14 AM"
"15","Phone","redo","","9:52:15 AM"
"15","Phone","redo","","9:52:17 AM"
"15","Phone","redo","","9:52:20 AM"
"15","Phone","redo","","9:52:21 AM"
"15","Phone","redo","","9:52:23 AM"
"15","Phone","redo","","9:52:24 AM"
"15","Phone","redo","","9:52:25 AM"
"15","Phone","redo","","9:52:26 AM"
"15","Phone","insert","toolbar","9:53:08 AM"
"15","Phone","delete","toolbar","9:53:12 AM"
"15","Phone","insert","toolbar","9:53:27 AM"
"15","Phone","insert","toolbar","9:53:37 AM"
"15","Phone","redo","","9:53:39 AM"
"15","Phone","merge","toolbar","9:53:49 AM"
"15","Phone","insert","touch","9:54:04 AM"
"15","Phone","redo","","9:54:05 AM"
"16","Phone","redo","","11:05:08 AM"
"16","Phone","delete","toolbar","11:05:20 AM"
"16","Phone","demote","toolbar","11:05:27 AM"
"16","Phone","redo","","11:05:29 AM"
"16","Phone","merge","touch","11:05:34 AM"
"16","Phone","split","toolbar","11:05:39 AM"
"16","Phone","promote","touch","11:05:45 AM"
"16","Phone","redo","","11:05:47 AM"
"16","Phone","demote","toolbar","11:05:54 AM"
"16","Phone","promote","touch","11:06:00 AM"
"16","Phone","redo","","11:06:19 AM"
"16","Phone","promote","touch","11:06:24 AM"
"16","Phone","merge","touch","11:07:07 AM"
"16","Phone","merge","touch","11:07:12 AM"
"16","Phone","split","touch","11:07:14 AM"
"16","Phone","split","touch","11:07:22 AM"
"16","Phone","split","touch","11:07:23 AM"
"16","Phone","split","touch","11:07:24 AM"
"16","Phone","demote","toolbar","11:08:05 AM"
"16","Phone","demote","toolbar","11:08:15 AM"
"16","Phone","insert","touch","11:08:20 AM"
"16","Phone","redo","","11:08:22 AM"
"16","Phone","insert","touch","11:08:27 AM"
"16","Phone","merge","touch","11:08:39 AM"
"16","Phone","merge","toolbar","11:08:43 AM"
"16","Phone","merge","toolbar","11:08:48 AM"
"16","Phone","split","touch","11:08:57 AM"
"16","Tablet","demote","toolbar","11:09:51 AM"
"16","Tablet","merge","touch","11:10:05 AM"
"16","Tablet","promote","toolbar","11:10:10 AM"
"16","Tablet","split","touch","11:10:58 AM"
"16","Tablet","split","touch","11:11:05 AM"
"16","Tablet","redo","","11:11:09 AM"
"16","Tablet","redo","","11:11:11 AM"
"16","Tablet","insert","touch","11:11:14 AM"
"16","Tablet","redo","","11:11:17 AM"
"16","Tablet","insert","touch","11:11:19 AM"
"16","Tablet","insert","touch","11:11:20 AM"
"16","Tablet","split","touch","11:11:25 AM"
"16","Tablet","redo","","11:11:27 AM"
"16","Tablet","redo","","11:11:28 AM"
"16","Tablet","merge","touch","11:11:34 AM"
"16","Tablet","merge","toolbar","11:11:45 AM"
"16","Tablet","delete","touch","11:11:56 AM"
"16","Tablet","redo","","11:11:58 AM"
"16","Tablet","insert","touch","11:12:02 AM"
"16","Tablet","merge","touch","11:12:09 AM"
"16","Tablet","insert","touch","11:12:31 AM"
"16","Tablet","insert","touch","11:12:32 AM"
"16","Tablet","redo","","11:12:36 AM"
"16","Tablet","merge","touch","11:12:37 AM"
"16","Tablet","insert","touch","11:12:38 AM"
"16","Tablet","insert","touch","11:12:43 AM"
"16","Tablet","redo","","11:12:46 AM"
"16","Tablet","split","toolbar","11:12:51 AM"
"16","Tablet","redo","","11:12:53 AM"
"16","Tablet","insert","touch","11:12:56 AM"
"16","Tablet","merge","touch","11:13:09 AM"
"16","Tablet","split","touch","11:13:18 AM"
"16","Tablet","redo","","11:13:20 AM"
"16","Tablet","insert","touch","11:13:29 AM"
"16","Tablet","insert","touch","11:13:36 AM"
"16","Tablet","insert","touch","11:13:38 AM"
"16","Tablet","insert","touch","11:13:41 AM"
"16","Tablet","redo","","11:13:43 AM"
"16","Tablet","split","toolbar","11:13:44 AM"
"16","Tablet","delete","toolbar","11:13:53 AM"
"16","Tablet","redo","","11:13:55 AM"
"16","Tablet","redo","","11:13:57 AM"
"16","Tablet","split","toolbar","11:14:09 AM"
"16","Tablet","redo","","11:14:11 AM"
"16","Tablet","delete","toolbar","11:14:19 AM"
"16","Tablet","insert","touch","11:14:24 AM"
"16","Tablet","merge","toolbar","11:14:27 AM"
"16","Tablet","insert","touch","11:14:29 AM"
"16","Tablet","split","toolbar","11:14:35 AM"
"16","Tablet","split","touch","11:14:42 AM"
"16","Tablet","insert","touch","11:14:46 AM"
"16","Tablet","delete","toolbar","11:14:49 AM"
"16","Tablet","merge","touch","11:15:01 AM"
"16","Tablet","merge","toolbar","11:15:04 AM"
"16","Tablet","demote","toolbar","11:15:16 AM"
"16","Tablet","merge","toolbar","11:15:28 AM"
"16","Tablet","merge","toolbar","11:15:31 AM"
"16","Tablet","promote","touch","11:16:08 AM"
"16","Tablet","insert","touch","11:16:15 AM"
"16","Tablet","redo","","11:16:17 AM"
"16","Tablet","promote","touch","11:16:19 AM"
"16","Tablet","insert","touch","11:16:29 AM"
"16","Tablet","redo","","11:16:31 AM"
"16","Tablet","split","touch","11:16:32 AM"
"16","Tablet","promote","touch","11:16:39 AM"
"17","Phone","delete","toolbar","12:58:26 PM"
"17","Phone","promote","toolbar","12:58:33 PM"
"17","Phone","merge","toolbar","12:58:41 PM"
"17","Phone","promote","toolbar","12:58:44 PM"
"17","Phone","merge","toolbar","1:02:17 PM"
"17","Phone","insert","toolbar","1:02:26 PM"
"17","Phone","merge","toolbar","1:02:37 PM"
"17","Phone","demote","toolbar","1:03:27 PM"
"17","Phone","split","toolbar","1:03:59 PM"
"17","Phone","promote","toolbar","1:04:27 PM"
"17","Phone","promote","toolbar","1:04:31 PM"
"17","Tablet","demote","toolbar","1:05:43 PM"
"17","Tablet","promote","toolbar","1:05:46 PM"
"17","Tablet","merge","toolbar","1:06:20 PM"
"17","Tablet","split","toolbar","1:07:44 PM"
"17","Tablet","merge","toolbar","1:07:55 PM"
"17","Tablet","split","toolbar","1:07:58 PM"
"17","Tablet","merge","toolbar","1:08:22 PM"
"17","Tablet","merge","toolbar","1:08:29 PM"
"17","Tablet","merge","toolbar","1:08:34 PM"
"17","Tablet","demote","toolbar","1:08:42 PM"
